{
  "ADAUSDT": 0.5750000000000002,
  "APTUSDT": 0.5200000000000002,
  "AVAXUSDT": 0.49000000000000016,
  "BNBUSDT": 0.49500000000000016,
  "BTCUSDT": 0.5950000000000002,
  "DOGEUSDT": 0.5300000000000002,
  "DOTUSDT": 0.5100000000000002,
  "ETHUSDT": 0.46000000000000013,
  "FETUSDT": 0.6950000000000003,
  "INJUSDT": 0.6100000000000003,
  "LTCUSDT": 0.5400000000000003,
  "MATICUSDT": 0.48500000000000015,
  "PEPEUSDT": 0.5150000000000001,
  "SHIBUSDT": 0.5350000000000001,
  "SOLUSDT": 0.6150000000000002,
  "XRPUSDT": 0.49500000000000016
}