{
  "ADAUSDT": 0.5550000000000002,
  "APTUSDT": 0.5500000000000003,
  "AVAXUSDT": 0.5000000000000002,
  "BNBUSDT": 0.5450000000000002,
  "BTCUSDT": 0.5250000000000001,
  "DOGEUSDT": 0.5350000000000001,
  "DOTUSDT": 0.5200000000000002,
  "ETHUSDT": 0.46000000000000013,
  "FETUSDT": 0.6450000000000002,
  "INJUSDT": 0.5700000000000003,
  "LTCUSDT": 0.46500000000000014,
  "MATICUSDT": 0.5050000000000001,
  "PEPEUSDT": 0.6350000000000002,
  "SHIBUSDT": 0.5650000000000002,
  "SOLUSDT": 0.6800000000000004,
  "XRPUSDT": 0.5100000000000002
}